"Variables","VIF"
"ice",1.0006611718721
"water",1.0006611718721
