"Variables","VIF"
"bio1_1981-2010",3.05739021443614
"slope",2.31201452507445
"bio12_1981-2010",1.92346963293549
"tree",1.80426628428155
"bio4_1981-2010",1.76348422694683
"meadow",1.74228789270642
"bio15_1981-2010",1.19018830407073
"shannon",1.07813720068817
"water",1.03202096930575
"northness",1.00109739297529
