"Variables","VIF"
"ice",1.00423799620346
"pr_2015_12",1.00423799620346
