"Variables","VIF"
"elevation",83.7494863186681
"bio1",79.5268415163311
"slope",1.57948870239284
"bio12",1.09697467824701
