"Variables","VIF"
"bio1_1981-2010",3073.95720011874
"bio10_1981-2010",2670.5518391134
"elevation",40.0839672084679
"bio4_1981-2010",35.8545947475054
"slope",5.86572417747952
"bio12_1981-2010",5.29254980332396
"bio19_1981-2010",4.77026392252425
"trees",1.87595719041653
"ice",1.56689568372186
