"Variables","VIF"
"bio1_1981-2010",2.85343461273256
"slope",2.29047686357181
"tree",1.95139967502416
"meadow",1.9243207993683
"bio12_1981-2010",1.90014981215308
"bio4_1981-2010",1.73412856946946
"bio15_1981-2010",1.20043003348846
"shannon",1.07589537339142
"water",1.03005470271339
"northness",1.0022980875678
