"Variables","VIF"
"ice",1.00451123684306
"pr_2015_12",1.00451123684306
