"Variables","VIF"
"bio1_1981-2010",2.90430163029432
"slope",2.32881586794689
"bio12_1981-2010",1.90331184066943
"tree",1.88932316907991
"meadow",1.83592917855152
"bio4_1981-2010",1.78103312832494
"bio15_1981-2010",1.20935453704367
"shannon",1.08831098350517
"water",1.02871989840403
"northness",1.0012872903788
